source_id,source_table_key,publisher,report_title,publication_year,data_year,official_url,file_name,table_page_reference,geographic_coverage,measure_type,cybercrime_definition,comparability_status,reason_for_comparability_status,access_date,notes
S01,S01,Ministry of Home Affairs (Lok Sabha reply); data: NCRB,"Lok Sabha Unstarred Question No. 438 'Rise in Cybercrime Cases', answered 02.12.2025 - Annexure-II",2025,2014-2023,https://www.mha.gov.in/MHA1/Par2017/pdfs/par2025-pdfs/LS02122025/438.pdf,438.pdf -> data/source_documents/extraction_transcripts/S01_LS_USQ438_2025-12-02_AnnexII_2014-2023.txt -> data/raw/S01_*.csv,Annexure-II 'State/UT-wise Cases Registered under Cyber Crimes during 2014-2023' (annexure pages headed 'L.S. US.Q. NO. 438 FOR 02.12.2025'; no printed page numbers). Annexure-I = crime-head-wise national table.,"28 States + 8 UTs (current boundaries); TOTAL STATE(S), TOTAL UT(S), TOTAL (ALL INDIA)",Registered cases (CR) - total cyber crimes,"NCRB 'cyber crimes': cases registered (FIRs) under the IT Act 2000, IPC sections (e.g. fraud, cheating, forgery, cyber stalking/bullying, defamation/morphing, fake profile, data theft, blackmail, fake news) and Special & Local Laws (online gambling/lotteries, Copyright Act, Trade Marks Act, other SLL) where a computer/communication device is the medium or target. LS USQ 438 Annex-I lists these heads for 2014-2023; IT Act + IPC + SLL sub-totals sum to the total.",PRIMARY. 2018-2023: comparable (core). 2017: comparable with caution. 2014-2016: partially comparable.,"Single table, one publisher, one definition, current-boundary layout (J&K in UT block for all years, D&N Haveli + Daman & Diu combined retroactively). Every state/UT-year value matches all overlapping sources (S02-S08). Earlier years differ in NCRB proforma/coverage (see data_collection_summary.md).",2026-10-08,"Ladakh row: 4 values printed without year alignment -> left blank; UT-total residual confirms 2020-2023 = 1,5,3,1. All-India totals reconcile. Read from the PDF text layer via a web-fetch tool; PDF could not be saved to the workspace (government hosts blocked by network allowlist). Values not yet visually verified against the PDF."
S02,S02,Ministry of Home Affairs (Lok Sabha reply); data: NCRB,"Lok Sabha Unstarred Question No. 4118 'Cyber Awareness', answered 17.03.2026 - Annexure",2026,2021-2023,https://www.mha.gov.in/MHA1/Par2017/pdfs/par2026-pdfs/LS17032026/4118.pdf,4118.pdf -> S02_LS_USQ4118_2026-03-17_Annex_2021-2023.txt/.csv,Annexure 'State/UT-wise Cases Registered under Cyber Crimes during 2021-2023'; no printed page number,28 States + 8 UTs + totals,Registered cases (CR) - total cyber crimes,"NCRB 'cyber crimes': cases registered (FIRs) under the IT Act 2000, IPC sections (e.g. fraud, cheating, forgery, cyber stalking/bullying, defamation/morphing, fake profile, data theft, blackmail, fake news) and Special & Local Laws (online gambling/lotteries, Copyright Act, Trade Marks Act, other SLL) where a computer/communication device is the medium or target. LS USQ 438 Annex-I lists these heads for 2014-2023; IT Act + IPC + SLL sub-totals sum to the total.",Comparable (cross-check),Same NCRB series; identical to S01 and S03 for every state/UT-year.,2026-10-08,Read from the PDF text layer via a web-fetch tool; PDF could not be saved to the workspace (government hosts blocked by network allowlist). Values not yet visually verified against the PDF.
S03,S03,Ministry of Home Affairs (Rajya Sabha reply); data: NCRB,"Rajya Sabha Unstarred Question No. 1998 'Rising Incidents of Cyber Crimes and Financial Frauds', answered 17.12.2025 - Annexure",2025,2021-2023,https://www.mha.gov.in/MHA1/Par2017/pdfs/par2025-pdfs/RS17122025/1998.pdf,1998.pdf -> S03_RS_USQ1998_2025-12-17_Annex_2021-2023.txt/.csv,Annexure 'State/UT-wise Cases Registered under Cyber Crimes during 2021-2023'; no printed page number,28 States + 8 UTs + totals,Registered cases (CR) - total cyber crimes,"NCRB 'cyber crimes': cases registered (FIRs) under the IT Act 2000, IPC sections (e.g. fraud, cheating, forgery, cyber stalking/bullying, defamation/morphing, fake profile, data theft, blackmail, fake news) and Special & Local Laws (online gambling/lotteries, Copyright Act, Trade Marks Act, other SLL) where a computer/communication device is the medium or target. LS USQ 438 Annex-I lists these heads for 2014-2023; IT Act + IPC + SLL sub-totals sum to the total.",Comparable (cross-check),Same NCRB series; identical to S01 and S02.,2026-10-08,Read from the PDF text layer via a web-fetch tool; PDF could not be saved to the workspace (government hosts blocked by network allowlist). Values not yet visually verified against the PDF.
S04,S04,Ministry of Home Affairs (Rajya Sabha reply); data: NCRB,"Rajya Sabha Unstarred Question No. 239 'Cybercrime Complaints', answered 24.07.2024 - Annexure",2024,2018-2022,https://www.mha.gov.in/MHA1/Par2017/pdfs/par2024-pdfs/RS24072024/239.pdf,239.pdf -> S04_RS_USQ239_2024-07-24_Annex_2018-2022.txt/.csv,Annexure 'STATE/UT-WISE CASES REGISTERED UNDER CYBER CRIMES DURING 2018-2022'; footnotes '+' and '*',28 States + 8 UTs + totals; J&K 2018-19 = erstwhile State incl. Ladakh; D&N+DD combined for 2018-19,Registered cases (CR) - total cyber crimes,"NCRB 'cyber crimes': cases registered (FIRs) under the IT Act 2000, IPC sections (e.g. fraud, cheating, forgery, cyber stalking/bullying, defamation/morphing, fake profile, data theft, blackmail, fake news) and Special & Local Laws (online gambling/lotteries, Copyright Act, Trade Marks Act, other SLL) where a computer/communication device is the medium or target. LS USQ 438 Annex-I lists these heads for 2014-2023; IT Act + IPC + SLL sub-totals sum to the total.",Comparable (cross-check),Same NCRB series; identical to S01 for all 2018-2022 state/UT values. Carries the boundary footnotes that S01 omits.,2026-10-08,Same table is the reference for data.gov.in resource S10. Read from the PDF text layer via a web-fetch tool; PDF could not be saved to the workspace (government hosts blocked by network allowlist). Values not yet visually verified against the PDF.
S05,S05a,Ministry of Home Affairs (Rajya Sabha reply); data: NCRB,"Rajya Sabha Unstarred Question No. 234 'Increase in Cyber Crimes Cases Registered', answered 27.11.2024 - Annexure-I",2024,2018-2022,https://www.mha.gov.in/MHA1/Par2017/pdfs/par2024-pdfs/RS27112024/234.pdf,234.pdf -> S05a_RS_USQ234_2024-11-27_AnnexI_2018-2022.txt/.csv,Annexure-I 'STATE/UT-WISE CASES REGISTERED UNDER CYBER CRIMES DURING 2018-2022',28 States + 8 UTs + totals (same footnotes as S04),Registered cases (CR) - total cyber crimes,"NCRB 'cyber crimes': cases registered (FIRs) under the IT Act 2000, IPC sections (e.g. fraud, cheating, forgery, cyber stalking/bullying, defamation/morphing, fake profile, data theft, blackmail, fake news) and Special & Local Laws (online gambling/lotteries, Copyright Act, Trade Marks Act, other SLL) where a computer/communication device is the medium or target. LS USQ 438 Annex-I lists these heads for 2014-2023; IT Act + IPC + SLL sub-totals sum to the total.",Comparable (cross-check),Identical to S04 and S01.,2026-10-08,"Text layer puts the 2018 '0' for D&N Haveli and Daman & Diu+ on a separate line; aligned by tool, consistent with S04. Read from the PDF text layer via a web-fetch tool; PDF could not be saved to the workspace (government hosts blocked by network allowlist). Values not yet visually verified against the PDF."
S05,S05b,Ministry of Home Affairs (Rajya Sabha reply); data: NCRB,"Rajya Sabha Unstarred Question No. 234, answered 27.11.2024 - Annexure-II (fraud for cyber crimes)",2024,2018-2022,https://www.mha.gov.in/MHA1/Par2017/pdfs/par2024-pdfs/RS27112024/234.pdf,234.pdf -> S05b_RS_USQ234_2024-11-27_AnnexII_fraud_CR_2018-2022.txt/.csv,"Annexure-II, 2 pages (2018-2019; 2020-2022). Columns CR, CCS, CON, PAR, PCS, PCV per year; only CR transcribed. Exact printed title not captured.",28 States + 8 UTs + totals,Registered cases (CR) - fraud sub-category of cyber crime,Sub-category: cyber crimes registered under the 'Fraud' head (IPC) only. NOT equal to total cyber crime and NOT equal to all financial cyber fraud.,Not comparable with total cyber crime; comparable within itself 2018-2022,Single crime head. Must not be merged with or substituted for total cyber crime counts.,2026-10-08,2020-2022 CR identical to S09b. Chargesheet/conviction/arrest columns available in source but not transcribed. Read from the PDF text layer via a web-fetch tool; PDF could not be saved to the workspace (government hosts blocked by network allowlist). Values not yet visually verified against the PDF.
S06,S06,Ministry of Home Affairs (Lok Sabha reply); data: NCRB,"Lok Sabha Unstarred Question No. 1432 'Cyber Crime Cases', answered 12.12.2023 - Annexure-I",2023,2020-2022,https://eparlib.nic.in/bitstream/123456789/2971041/1/AU1432.pdf,AU1432.pdf -> S06_LS_USQ1432_2023-12-12_AnnexI_2020-2022.txt/.csv,"ANNEXURE-I 'STATE/UT-WISE CASES REGISTEREDUNDER CYBER CRIMES DURING 2020-2022' (sic). Annexure-II = cyber cells/police stations (BPR&D), not extracted.",28 States + 8 UTs + totals,Registered cases (CR) - total cyber crimes,"NCRB 'cyber crimes': cases registered (FIRs) under the IT Act 2000, IPC sections (e.g. fraud, cheating, forgery, cyber stalking/bullying, defamation/morphing, fake profile, data theft, blackmail, fake news) and Special & Local Laws (online gambling/lotteries, Copyright Act, Trade Marks Act, other SLL) where a computer/communication device is the medium or target. LS USQ 438 Annex-I lists these heads for 2014-2023; IT Act + IPC + SLL sub-totals sum to the total.",Comparable (cross-check),Identical to S01; only source carrying the Nagaland 2022 footnote '#'.,2026-10-08,Footnote: '# Clarifications are pending from Nagaland for the year 2022'. Read from the PDF text layer via a web-fetch tool; PDF could not be saved to the workspace (government hosts blocked by network allowlist). Values not yet visually verified against the PDF.
S07,S07,Ministry of Home Affairs (Lok Sabha reply); data: NCRB,"Lok Sabha Unstarred Question No. 3307 'Cyber Crimes/Frauds', answered 21.03.2023 - Annexure-I",2023,2019-2021,https://eparlib.nic.in/bitstream/123456789/1930314/1/AU3307.pdf,AU3307.pdf -> S07_LS_USQ3307_2023-03-21_AnnexI_2019-2021.txt/.csv,"Annexure-I (state/UT-wise CR, CCS, CON, PAR, PCS, PCV 2019-2021); CR columns only; exact title not captured",28 States + 8 UTs + totals,Registered cases (CR) - total cyber crimes,"NCRB 'cyber crimes': cases registered (FIRs) under the IT Act 2000, IPC sections (e.g. fraud, cheating, forgery, cyber stalking/bullying, defamation/morphing, fake profile, data theft, blackmail, fake news) and Special & Local Laws (online gambling/lotteries, Copyright Act, Trade Marks Act, other SLL) where a computer/communication device is the medium or target. LS USQ 438 Annex-I lists these heads for 2014-2023; IT Act + IPC + SLL sub-totals sum to the total.",Comparable (cross-check),"Identical to S01 for 2019-2021 (2019 values = revised series, all-India 44,735).",2026-10-08,Annexure-II (persons) and Annexure-III (police modernisation funds) not extracted. Read from the PDF text layer via a web-fetch tool; PDF could not be saved to the workspace (government hosts blocked by network allowlist). Values not yet visually verified against the PDF.
S08,S08,Ministry of Home Affairs (Lok Sabha reply); data: NCRB,"Lok Sabha Unstarred Question No. 1738 'Cyber Crimes', answered 02.07.2019 - Annexure-I",2019,2014-2016,https://eparlib.nic.in/bitstream/123456789/951400/1/AU1738.pdf,AU1738.pdf -> S08_LS_USQ1738_2019-07-02_AnnexI_2014-2016.txt/.csv,"Annexure-I, columns 2014/2015/2016; exact title and source line not captured",29 States (incl. J&K) + 7 UTs (D&N Haveli and Daman & Diu separate) + totals - PRE-2019 boundaries,Registered cases (CR) - total cyber crimes,"NCRB 'cyber crimes': cases registered (FIRs) under the IT Act 2000, IPC sections (e.g. fraud, cheating, forgery, cyber stalking/bullying, defamation/morphing, fake profile, data theft, blackmail, fake news) and Special & Local Laws (online gambling/lotteries, Copyright Act, Trade Marks Act, other SLL) where a computer/communication device is the medium or target. LS USQ 438 Annex-I lists these heads for 2014-2023; IT Act + IPC + SLL sub-totals sum to the total.",Partially comparable (independent check of S01 2014-2016),All state/UT values equal S01; only grouping differs (J&K as state; DNH and DD separate). Earlier NCRB proforma than 2017+.,2026-10-08,Read from the PDF text layer via a web-fetch tool; PDF could not be saved to the workspace (government hosts blocked by network allowlist). Values not yet visually verified against the PDF.
S09,S09a,Press Information Bureau (hosted document); data: NCRB,PIB specific document doc2025318522301 (March 2025) - Annexure-I,2025,2020-2022,https://static.pib.gov.in/WriteReadData/specificdocs/documents/2025/mar/doc2025318522301.pdf,doc2025318522301.pdf -> S09a_PIB_doc2025318522301_AnnexI_2020-2022.txt/.csv,Annexure-I 'State/UT-wise Cases Registered (CR) under Cyber Crimes during 2020-2022',28 States + 8 UTs + totals,Registered cases (CR) - total cyber crimes,"NCRB 'cyber crimes': cases registered (FIRs) under the IT Act 2000, IPC sections (e.g. fraud, cheating, forgery, cyber stalking/bullying, defamation/morphing, fake profile, data theft, blackmail, fake news) and Special & Local Laws (online gambling/lotteries, Copyright Act, Trade Marks Act, other SLL) where a computer/communication device is the medium or target. LS USQ 438 Annex-I lists these heads for 2014-2023; IT Act + IPC + SLL sub-totals sum to the total.",Comparable (cross-check),Identical to S01/S06.,2026-10-08,"Text layer shows no ministry, date or question number; the parent PIB release was not identified. Read from the PDF text layer via a web-fetch tool; PDF could not be saved to the workspace (government hosts blocked by network allowlist). Values not yet visually verified against the PDF."
S09,S09b,Press Information Bureau (hosted document); data: NCRB,PIB specific document doc2025318522301 (March 2025) - Annexure-II,2025,2020-2022,https://static.pib.gov.in/WriteReadData/specificdocs/documents/2025/mar/doc2025318522301.pdf,doc2025318522301.pdf -> S09b_PIB_doc2025318522301_AnnexII_fraud_2020-2022.txt/.csv,Annexure-II 'State/UT-wise Cases Registered (CR) under Fraud for Cyber Crimes during Year 2020-2022',28 States + 8 UTs + totals,Registered cases (CR) - fraud sub-category of cyber crime,Sub-category: cyber crimes registered under the 'Fraud' head (IPC) only. NOT equal to total cyber crime and NOT equal to all financial cyber fraud.,Not comparable with total cyber crime,Single crime head; identical to S05b 2020-2022.,2026-10-08,Read from the PDF text layer via a web-fetch tool; PDF could not be saved to the workspace (government hosts blocked by network allowlist). Values not yet visually verified against the PDF.
S10,,Open Government Data Platform India (data.gov.in); data: NCRB,State/UT-wise Number of Cases Registered under Cyber Crimes from 2018 to 2022,2024 (published/updated 09.09.2024),2018-2022,https://www.data.gov.in/resource/stateut-wise-number-cases-registered-under-cyber-crimes-2018-2022,not downloaded,"Resource page; reference: Rajya Sabha Session 265, USQ 239, 24.07.2024 (= S04)",States/UTs (per title),Registered cases (CR) - total cyber crimes,"NCRB 'cyber crimes': cases registered (FIRs) under the IT Act 2000, IPC sections (e.g. fraud, cheating, forgery, cyber stalking/bullying, defamation/morphing, fake profile, data theft, blackmail, fake news) and Special & Local Laws (online gambling/lotteries, Copyright Act, Trade Marks Act, other SLL) where a computer/communication device is the medium or target. LS USQ 438 Annex-I lists these heads for 2014-2023; IT Act + IPC + SLL sub-totals sum to the total.",Reviewed - not extracted (duplicate of S04),Page cites S04 as its source; data table did not render through the fetch tool and the CSV download could not be reached.,2026-10-08,Page notes: combined DNH & DD for 2018-2019; J&K incl. Ladakh for 2018-2019; 'NA' = Not Available. Person 2 may download the CSV manually to confirm it matches S04.
S11,,Ministry of Home Affairs (Lok Sabha reply); data: NCRB,"Lok Sabha Unstarred Question No. 587 'Online Fraud', answered 25.06.2019 - Annexure-I (6 pages)",2019,2014-2016,https://eparlib.sansad.in/bitstream/123456789/956307/1/AU587.pdf,not transcribed,"Annexure-I pp.1-6: cyber cheating (s.420), forgery (ss.465/468/471), criminal breach of trust/fraud (ss.406/408/409; credit/debit card vs others) by state, 2014-2016",29 States + 7 UTs (pre-2019 boundaries),"Registered cases, victims, disposal, persons - IPC fraud-type cyber heads",Selected IPC heads of cyber crime only,"Not comparable - reviewed, not extracted",Category-level IPC table; not total cyber crime and heads differ from 2017+ 'Fraud' head. Tool flagged column-alignment uncertainty in several rows.,2026-10-08,Could support a robustness check on fraud trends only after manual extraction.
S12,,Ministry of Home Affairs (Rajya Sabha reply); data: NCRB,"Rajya Sabha Unstarred Question No. 1164 'Increase in Cyber Crimes in the Country', answered 08.12.2021",2021,2018-2020,https://www.mha.gov.in/MHA1/Par2017/pdfs/par2021-pdfs/rs-08122021/1164.pdf,not transcribed,Crime head-wise national table 2018-2020 (state-wise annexure not present in fetched file),All-India only,Registered cases - by crime head,"NCRB 'cyber crimes': cases registered (FIRs) under the IT Act 2000, IPC sections (e.g. fraud, cheating, forgery, cyber stalking/bullying, defamation/morphing, fake profile, data theft, blackmail, fake news) and Special & Local Laws (online gambling/lotteries, Copyright Act, Trade Marks Act, other SLL) where a computer/communication device is the medium or target. LS USQ 438 Annex-I lists these heads for 2014-2023; IT Act + IPC + SLL sub-totals sum to the total.",Reviewed - not extracted (national only),No state/UT breakdown.,2026-10-08,
S13,,Ministry of Home Affairs (Lok Sabha reply); data: NCRB,"Lok Sabha Unstarred Question No. 2348 'Cyber Crimes', answered 03.08.2021",2021,2017-2019,https://www.mha.gov.in/MHA1/Par2017/pdfs/par2021-pdfs/LS-03082021/2348.pdf,not transcribed,"Answer text: all-India 2017 = 21796, 2018 = 27248, 2019 = 44546 (Crime in India 2019)",All-India only,Registered cases - total cyber crimes,"NCRB 'cyber crimes': cases registered (FIRs) under the IT Act 2000, IPC sections (e.g. fraud, cheating, forgery, cyber stalking/bullying, defamation/morphing, fake profile, data theft, blackmail, fake news) and Special & Local Laws (online gambling/lotteries, Copyright Act, Trade Marks Act, other SLL) where a computer/communication device is the medium or target. LS USQ 438 Annex-I lists these heads for 2014-2023; IT Act + IPC + SLL sub-totals sum to the total.",Reviewed - evidence of revision,"2019 all-India as first published (44,546) differs from the value in later editions (44,735, S01/S04/S07). Shows NCRB revises prior-year figures; use latest edition consistently.",2026-10-08,State-level 2019 values as first published (Crime in India 2019) not obtained - Person 2 to compare.
S14,,Ministry of Electronics & IT (Lok Sabha reply); data: NCRB. Accessed via unofficial mirror datais.info,"Lok Sabha Unstarred Question No. 2895 'Cyber Crime', answered 11.03.2020",2020,2016-2018,(official PDF not located) mirror: https://www.datais.info/loksabha/question/97b414cb67337ef47a4dd49117430002/Cyber+Crime/,not transcribed,Annexure-I crime-head-wise 2016-2018 (national),All-India only,Registered cases - by crime head,"NCRB 'cyber crimes': cases registered (FIRs) under the IT Act 2000, IPC sections (e.g. fraud, cheating, forgery, cyber stalking/bullying, defamation/morphing, fake profile, data theft, blackmail, fake news) and Special & Local Laws (online gambling/lotteries, Copyright Act, Trade Marks Act, other SLL) where a computer/communication device is the medium or target. LS USQ 438 Annex-I lists these heads for 2014-2023; IT Act + IPC + SLL sub-totals sum to the total.",Reviewed - context only (unofficial copy),National only; obtained through a non-government mirror.,2026-10-08,"Annexure note (as reported by mirror): clarifications pending from West Bengal, Assam, Arunachal Pradesh, Meghalaya and Sikkim for 2018. Verify in Crime in India 2018."
S15,,Ministry of Home Affairs (Lok Sabha reply); data: NCRB,"Lok Sabha Starred Question No. 336 'Cyber Crimes', answered 17.08.2010",2010,2006-2008,https://eparlib.nic.in/bitstream/123456789/589198/1/93002.pdf,not transcribed,Answer text: IT Act cases 142/217/288 and IPC cases 311/339/176 for 2006/2007/2008; state annexure not in fetched file,All-India only (annexure missing),Registered cases - IT Act and IPC reported separately,Pre-2014 NCRB: IT Act cases and a narrow set of IPC sections reported as separate series; no SLL; no unified 'total cyber crime',Not comparable,"Different, narrower definition and table structure before Crime in India 2014.",2026-10-08,State-wise annexure referred to in the answer was not in the fetched file.
S16,,National Crime Records Bureau (MHA),"Crime in India (annual), Volume 1, Chapter 9A 'Cyber Crimes' - editions 2016, 2019, 2022, 2023",2017-2025,2014-2023 (3 years per edition),https://www.ncrb.gov.in/crime-in-india-year-wise.html,not downloaded,State/UT-wise cyber crime table in Chapter 9A (expected Table 9A.1; table and page numbers to be confirmed per edition),States/UTs and metropolitan cities,"Registered cases (CR); also rates, disposal, motives","NCRB 'cyber crimes': cases registered (FIRs) under the IT Act 2000, IPC sections (e.g. fraud, cheating, forgery, cyber stalking/bullying, defamation/morphing, fake profile, data theft, blackmail, fake news) and Special & Local Laws (online gambling/lotteries, Copyright Act, Trade Marks Act, other SLL) where a computer/communication device is the medium or target. LS USQ 438 Annex-I lists these heads for 2014-2023; IT Act + IPC + SLL sub-totals sum to the total.",Original publication - NOT accessed,NCRB site blocks automated fetching (robots.txt) and the workspace network; all NCRB figures in this package come via MHA/PIB reproductions that cite it.,2026-10-08,"Highest-priority manual task: download these editions and verify S01 against the original tables, footnotes and page numbers."
S17,,"Indian Cyber Crime Coordination Centre (I4C), MHA",National Cybercrime Reporting Portal (NCRP) complaints / Citizen Financial Cyber Fraud Reporting and Management System,2024-2025,cumulative,https://i4c.mha.gov.in/ncrp.aspx,not downloaded,"Figures quoted in S05 text (>9.94 lakh complaints, >Rs 3431 crore saved, Nov 2024) and S01 text (>23.02 lakh complaints, >Rs 7130 crore saved, Dec 2025)",All-India (state-wise complaint tables not obtained),Complaints and amounts saved - NOT registered cases,Complaints filed online by citizens; most are not converted into FIRs,Not comparable,Complaints and rupee amounts measure something different from NCRB registered cases.,2026-10-08,Do not combine with NCRB counts.
S18,,"Various non-official (Kaggle, Statista, indiastat, news sites, Mendeley)",Secondary compilations of NCRB cyber crime data,various,various,e.g. https://www.kaggle.com/datasets/amritvirsinghx/cyber-crime-statewise,not used,n/a,various,various,unverified,Excluded,Not official; provenance unclear. Seen in search results only.,2026-10-08,
