source_id,source_table_key,state_ut_original,sl_no_original,row_type,block,year,reported_cases_raw,raw_value_text,measure_type,category,source_name,source_file,table_page,source_url,notes
S08,S08,Andhra Pradesh,1,state_ut,states,2014,282,282,registered cases (CR),"Total cyber crimes (IT Act + IPC + SLL, NCRB definition)","NCRB 'Crime in India' via MHA reply, Lok Sabha USQ 1738 (02.07.2019)",S08_LS_USQ1738_2019-07-02_AnnexI_2014-2016.txt,Annexure-I (state/UT-wise cyber crime cases 2014-2016); exact printed title not captured,https://eparlib.nic.in/bitstream/123456789/951400/1/AU1738.pdf,
S08,S08,Andhra Pradesh,1,state_ut,states,2015,536,536,registered cases (CR),"Total cyber crimes (IT Act + IPC + SLL, NCRB definition)","NCRB 'Crime in India' via MHA reply, Lok Sabha USQ 1738 (02.07.2019)",S08_LS_USQ1738_2019-07-02_AnnexI_2014-2016.txt,Annexure-I (state/UT-wise cyber crime cases 2014-2016); exact printed title not captured,https://eparlib.nic.in/bitstream/123456789/951400/1/AU1738.pdf,
S08,S08,Andhra Pradesh,1,state_ut,states,2016,616,616,registered cases (CR),"Total cyber crimes (IT Act + IPC + SLL, NCRB definition)","NCRB 'Crime in India' via MHA reply, Lok Sabha USQ 1738 (02.07.2019)",S08_LS_USQ1738_2019-07-02_AnnexI_2014-2016.txt,Annexure-I (state/UT-wise cyber crime cases 2014-2016); exact printed title not captured,https://eparlib.nic.in/bitstream/123456789/951400/1/AU1738.pdf,
S08,S08,Arunachal Pradesh,2,state_ut,states,2014,18,18,registered cases (CR),"Total cyber crimes (IT Act + IPC + SLL, NCRB definition)","NCRB 'Crime in India' via MHA reply, Lok Sabha USQ 1738 (02.07.2019)",S08_LS_USQ1738_2019-07-02_AnnexI_2014-2016.txt,Annexure-I (state/UT-wise cyber crime cases 2014-2016); exact printed title not captured,https://eparlib.nic.in/bitstream/123456789/951400/1/AU1738.pdf,
S08,S08,Arunachal Pradesh,2,state_ut,states,2015,6,6,registered cases (CR),"Total cyber crimes (IT Act + IPC + SLL, NCRB definition)","NCRB 'Crime in India' via MHA reply, Lok Sabha USQ 1738 (02.07.2019)",S08_LS_USQ1738_2019-07-02_AnnexI_2014-2016.txt,Annexure-I (state/UT-wise cyber crime cases 2014-2016); exact printed title not captured,https://eparlib.nic.in/bitstream/123456789/951400/1/AU1738.pdf,
S08,S08,Arunachal Pradesh,2,state_ut,states,2016,4,4,registered cases (CR),"Total cyber crimes (IT Act + IPC + SLL, NCRB definition)","NCRB 'Crime in India' via MHA reply, Lok Sabha USQ 1738 (02.07.2019)",S08_LS_USQ1738_2019-07-02_AnnexI_2014-2016.txt,Annexure-I (state/UT-wise cyber crime cases 2014-2016); exact printed title not captured,https://eparlib.nic.in/bitstream/123456789/951400/1/AU1738.pdf,
S08,S08,Assam,3,state_ut,states,2014,379,379,registered cases (CR),"Total cyber crimes (IT Act + IPC + SLL, NCRB definition)","NCRB 'Crime in India' via MHA reply, Lok Sabha USQ 1738 (02.07.2019)",S08_LS_USQ1738_2019-07-02_AnnexI_2014-2016.txt,Annexure-I (state/UT-wise cyber crime cases 2014-2016); exact printed title not captured,https://eparlib.nic.in/bitstream/123456789/951400/1/AU1738.pdf,
S08,S08,Assam,3,state_ut,states,2015,483,483,registered cases (CR),"Total cyber crimes (IT Act + IPC + SLL, NCRB definition)","NCRB 'Crime in India' via MHA reply, Lok Sabha USQ 1738 (02.07.2019)",S08_LS_USQ1738_2019-07-02_AnnexI_2014-2016.txt,Annexure-I (state/UT-wise cyber crime cases 2014-2016); exact printed title not captured,https://eparlib.nic.in/bitstream/123456789/951400/1/AU1738.pdf,
S08,S08,Assam,3,state_ut,states,2016,696,696,registered cases (CR),"Total cyber crimes (IT Act + IPC + SLL, NCRB definition)","NCRB 'Crime in India' via MHA reply, Lok Sabha USQ 1738 (02.07.2019)",S08_LS_USQ1738_2019-07-02_AnnexI_2014-2016.txt,Annexure-I (state/UT-wise cyber crime cases 2014-2016); exact printed title not captured,https://eparlib.nic.in/bitstream/123456789/951400/1/AU1738.pdf,
S08,S08,Bihar,4,state_ut,states,2014,114,114,registered cases (CR),"Total cyber crimes (IT Act + IPC + SLL, NCRB definition)","NCRB 'Crime in India' via MHA reply, Lok Sabha USQ 1738 (02.07.2019)",S08_LS_USQ1738_2019-07-02_AnnexI_2014-2016.txt,Annexure-I (state/UT-wise cyber crime cases 2014-2016); exact printed title not captured,https://eparlib.nic.in/bitstream/123456789/951400/1/AU1738.pdf,
S08,S08,Bihar,4,state_ut,states,2015,242,242,registered cases (CR),"Total cyber crimes (IT Act + IPC + SLL, NCRB definition)","NCRB 'Crime in India' via MHA reply, Lok Sabha USQ 1738 (02.07.2019)",S08_LS_USQ1738_2019-07-02_AnnexI_2014-2016.txt,Annexure-I (state/UT-wise cyber crime cases 2014-2016); exact printed title not captured,https://eparlib.nic.in/bitstream/123456789/951400/1/AU1738.pdf,
S08,S08,Bihar,4,state_ut,states,2016,309,309,registered cases (CR),"Total cyber crimes (IT Act + IPC + SLL, NCRB definition)","NCRB 'Crime in India' via MHA reply, Lok Sabha USQ 1738 (02.07.2019)",S08_LS_USQ1738_2019-07-02_AnnexI_2014-2016.txt,Annexure-I (state/UT-wise cyber crime cases 2014-2016); exact printed title not captured,https://eparlib.nic.in/bitstream/123456789/951400/1/AU1738.pdf,
S08,S08,Chhattisgarh,5,state_ut,states,2014,123,123,registered cases (CR),"Total cyber crimes (IT Act + IPC + SLL, NCRB definition)","NCRB 'Crime in India' via MHA reply, Lok Sabha USQ 1738 (02.07.2019)",S08_LS_USQ1738_2019-07-02_AnnexI_2014-2016.txt,Annexure-I (state/UT-wise cyber crime cases 2014-2016); exact printed title not captured,https://eparlib.nic.in/bitstream/123456789/951400/1/AU1738.pdf,
S08,S08,Chhattisgarh,5,state_ut,states,2015,103,103,registered cases (CR),"Total cyber crimes (IT Act + IPC + SLL, NCRB definition)","NCRB 'Crime in India' via MHA reply, Lok Sabha USQ 1738 (02.07.2019)",S08_LS_USQ1738_2019-07-02_AnnexI_2014-2016.txt,Annexure-I (state/UT-wise cyber crime cases 2014-2016); exact printed title not captured,https://eparlib.nic.in/bitstream/123456789/951400/1/AU1738.pdf,
S08,S08,Chhattisgarh,5,state_ut,states,2016,90,90,registered cases (CR),"Total cyber crimes (IT Act + IPC + SLL, NCRB definition)","NCRB 'Crime in India' via MHA reply, Lok Sabha USQ 1738 (02.07.2019)",S08_LS_USQ1738_2019-07-02_AnnexI_2014-2016.txt,Annexure-I (state/UT-wise cyber crime cases 2014-2016); exact printed title not captured,https://eparlib.nic.in/bitstream/123456789/951400/1/AU1738.pdf,
S08,S08,Goa,6,state_ut,states,2014,62,62,registered cases (CR),"Total cyber crimes (IT Act + IPC + SLL, NCRB definition)","NCRB 'Crime in India' via MHA reply, Lok Sabha USQ 1738 (02.07.2019)",S08_LS_USQ1738_2019-07-02_AnnexI_2014-2016.txt,Annexure-I (state/UT-wise cyber crime cases 2014-2016); exact printed title not captured,https://eparlib.nic.in/bitstream/123456789/951400/1/AU1738.pdf,
S08,S08,Goa,6,state_ut,states,2015,17,17,registered cases (CR),"Total cyber crimes (IT Act + IPC + SLL, NCRB definition)","NCRB 'Crime in India' via MHA reply, Lok Sabha USQ 1738 (02.07.2019)",S08_LS_USQ1738_2019-07-02_AnnexI_2014-2016.txt,Annexure-I (state/UT-wise cyber crime cases 2014-2016); exact printed title not captured,https://eparlib.nic.in/bitstream/123456789/951400/1/AU1738.pdf,
S08,S08,Goa,6,state_ut,states,2016,31,31,registered cases (CR),"Total cyber crimes (IT Act + IPC + SLL, NCRB definition)","NCRB 'Crime in India' via MHA reply, Lok Sabha USQ 1738 (02.07.2019)",S08_LS_USQ1738_2019-07-02_AnnexI_2014-2016.txt,Annexure-I (state/UT-wise cyber crime cases 2014-2016); exact printed title not captured,https://eparlib.nic.in/bitstream/123456789/951400/1/AU1738.pdf,
S08,S08,Gujarat,7,state_ut,states,2014,227,227,registered cases (CR),"Total cyber crimes (IT Act + IPC + SLL, NCRB definition)","NCRB 'Crime in India' via MHA reply, Lok Sabha USQ 1738 (02.07.2019)",S08_LS_USQ1738_2019-07-02_AnnexI_2014-2016.txt,Annexure-I (state/UT-wise cyber crime cases 2014-2016); exact printed title not captured,https://eparlib.nic.in/bitstream/123456789/951400/1/AU1738.pdf,
S08,S08,Gujarat,7,state_ut,states,2015,242,242,registered cases (CR),"Total cyber crimes (IT Act + IPC + SLL, NCRB definition)","NCRB 'Crime in India' via MHA reply, Lok Sabha USQ 1738 (02.07.2019)",S08_LS_USQ1738_2019-07-02_AnnexI_2014-2016.txt,Annexure-I (state/UT-wise cyber crime cases 2014-2016); exact printed title not captured,https://eparlib.nic.in/bitstream/123456789/951400/1/AU1738.pdf,
S08,S08,Gujarat,7,state_ut,states,2016,362,362,registered cases (CR),"Total cyber crimes (IT Act + IPC + SLL, NCRB definition)","NCRB 'Crime in India' via MHA reply, Lok Sabha USQ 1738 (02.07.2019)",S08_LS_USQ1738_2019-07-02_AnnexI_2014-2016.txt,Annexure-I (state/UT-wise cyber crime cases 2014-2016); exact printed title not captured,https://eparlib.nic.in/bitstream/123456789/951400/1/AU1738.pdf,
S08,S08,Haryana,8,state_ut,states,2014,151,151,registered cases (CR),"Total cyber crimes (IT Act + IPC + SLL, NCRB definition)","NCRB 'Crime in India' via MHA reply, Lok Sabha USQ 1738 (02.07.2019)",S08_LS_USQ1738_2019-07-02_AnnexI_2014-2016.txt,Annexure-I (state/UT-wise cyber crime cases 2014-2016); exact printed title not captured,https://eparlib.nic.in/bitstream/123456789/951400/1/AU1738.pdf,
S08,S08,Haryana,8,state_ut,states,2015,224,224,registered cases (CR),"Total cyber crimes (IT Act + IPC + SLL, NCRB definition)","NCRB 'Crime in India' via MHA reply, Lok Sabha USQ 1738 (02.07.2019)",S08_LS_USQ1738_2019-07-02_AnnexI_2014-2016.txt,Annexure-I (state/UT-wise cyber crime cases 2014-2016); exact printed title not captured,https://eparlib.nic.in/bitstream/123456789/951400/1/AU1738.pdf,
S08,S08,Haryana,8,state_ut,states,2016,401,401,registered cases (CR),"Total cyber crimes (IT Act + IPC + SLL, NCRB definition)","NCRB 'Crime in India' via MHA reply, Lok Sabha USQ 1738 (02.07.2019)",S08_LS_USQ1738_2019-07-02_AnnexI_2014-2016.txt,Annexure-I (state/UT-wise cyber crime cases 2014-2016); exact printed title not captured,https://eparlib.nic.in/bitstream/123456789/951400/1/AU1738.pdf,
S08,S08,Himachal Pradesh,9,state_ut,states,2014,38,38,registered cases (CR),"Total cyber crimes (IT Act + IPC + SLL, NCRB definition)","NCRB 'Crime in India' via MHA reply, Lok Sabha USQ 1738 (02.07.2019)",S08_LS_USQ1738_2019-07-02_AnnexI_2014-2016.txt,Annexure-I (state/UT-wise cyber crime cases 2014-2016); exact printed title not captured,https://eparlib.nic.in/bitstream/123456789/951400/1/AU1738.pdf,
S08,S08,Himachal Pradesh,9,state_ut,states,2015,50,50,registered cases (CR),"Total cyber crimes (IT Act + IPC + SLL, NCRB definition)","NCRB 'Crime in India' via MHA reply, Lok Sabha USQ 1738 (02.07.2019)",S08_LS_USQ1738_2019-07-02_AnnexI_2014-2016.txt,Annexure-I (state/UT-wise cyber crime cases 2014-2016); exact printed title not captured,https://eparlib.nic.in/bitstream/123456789/951400/1/AU1738.pdf,
S08,S08,Himachal Pradesh,9,state_ut,states,2016,31,31,registered cases (CR),"Total cyber crimes (IT Act + IPC + SLL, NCRB definition)","NCRB 'Crime in India' via MHA reply, Lok Sabha USQ 1738 (02.07.2019)",S08_LS_USQ1738_2019-07-02_AnnexI_2014-2016.txt,Annexure-I (state/UT-wise cyber crime cases 2014-2016); exact printed title not captured,https://eparlib.nic.in/bitstream/123456789/951400/1/AU1738.pdf,
S08,S08,Jammu & Kashmir,10,state_ut,states,2014,37,37,registered cases (CR),"Total cyber crimes (IT Act + IPC + SLL, NCRB definition)","NCRB 'Crime in India' via MHA reply, Lok Sabha USQ 1738 (02.07.2019)",S08_LS_USQ1738_2019-07-02_AnnexI_2014-2016.txt,Annexure-I (state/UT-wise cyber crime cases 2014-2016); exact printed title not captured,https://eparlib.nic.in/bitstream/123456789/951400/1/AU1738.pdf,Listed as a STATE (pre-2019 boundaries) and counted in TOTAL STATE(S).
S08,S08,Jammu & Kashmir,10,state_ut,states,2015,34,34,registered cases (CR),"Total cyber crimes (IT Act + IPC + SLL, NCRB definition)","NCRB 'Crime in India' via MHA reply, Lok Sabha USQ 1738 (02.07.2019)",S08_LS_USQ1738_2019-07-02_AnnexI_2014-2016.txt,Annexure-I (state/UT-wise cyber crime cases 2014-2016); exact printed title not captured,https://eparlib.nic.in/bitstream/123456789/951400/1/AU1738.pdf,Listed as a STATE (pre-2019 boundaries) and counted in TOTAL STATE(S).
S08,S08,Jammu & Kashmir,10,state_ut,states,2016,28,28,registered cases (CR),"Total cyber crimes (IT Act + IPC + SLL, NCRB definition)","NCRB 'Crime in India' via MHA reply, Lok Sabha USQ 1738 (02.07.2019)",S08_LS_USQ1738_2019-07-02_AnnexI_2014-2016.txt,Annexure-I (state/UT-wise cyber crime cases 2014-2016); exact printed title not captured,https://eparlib.nic.in/bitstream/123456789/951400/1/AU1738.pdf,Listed as a STATE (pre-2019 boundaries) and counted in TOTAL STATE(S).
S08,S08,Jharkhand,11,state_ut,states,2014,93,93,registered cases (CR),"Total cyber crimes (IT Act + IPC + SLL, NCRB definition)","NCRB 'Crime in India' via MHA reply, Lok Sabha USQ 1738 (02.07.2019)",S08_LS_USQ1738_2019-07-02_AnnexI_2014-2016.txt,Annexure-I (state/UT-wise cyber crime cases 2014-2016); exact printed title not captured,https://eparlib.nic.in/bitstream/123456789/951400/1/AU1738.pdf,
S08,S08,Jharkhand,11,state_ut,states,2015,180,180,registered cases (CR),"Total cyber crimes (IT Act + IPC + SLL, NCRB definition)","NCRB 'Crime in India' via MHA reply, Lok Sabha USQ 1738 (02.07.2019)",S08_LS_USQ1738_2019-07-02_AnnexI_2014-2016.txt,Annexure-I (state/UT-wise cyber crime cases 2014-2016); exact printed title not captured,https://eparlib.nic.in/bitstream/123456789/951400/1/AU1738.pdf,
S08,S08,Jharkhand,11,state_ut,states,2016,259,259,registered cases (CR),"Total cyber crimes (IT Act + IPC + SLL, NCRB definition)","NCRB 'Crime in India' via MHA reply, Lok Sabha USQ 1738 (02.07.2019)",S08_LS_USQ1738_2019-07-02_AnnexI_2014-2016.txt,Annexure-I (state/UT-wise cyber crime cases 2014-2016); exact printed title not captured,https://eparlib.nic.in/bitstream/123456789/951400/1/AU1738.pdf,
S08,S08,Karnataka,12,state_ut,states,2014,1020,1020,registered cases (CR),"Total cyber crimes (IT Act + IPC + SLL, NCRB definition)","NCRB 'Crime in India' via MHA reply, Lok Sabha USQ 1738 (02.07.2019)",S08_LS_USQ1738_2019-07-02_AnnexI_2014-2016.txt,Annexure-I (state/UT-wise cyber crime cases 2014-2016); exact printed title not captured,https://eparlib.nic.in/bitstream/123456789/951400/1/AU1738.pdf,
S08,S08,Karnataka,12,state_ut,states,2015,1447,1447,registered cases (CR),"Total cyber crimes (IT Act + IPC + SLL, NCRB definition)","NCRB 'Crime in India' via MHA reply, Lok Sabha USQ 1738 (02.07.2019)",S08_LS_USQ1738_2019-07-02_AnnexI_2014-2016.txt,Annexure-I (state/UT-wise cyber crime cases 2014-2016); exact printed title not captured,https://eparlib.nic.in/bitstream/123456789/951400/1/AU1738.pdf,
S08,S08,Karnataka,12,state_ut,states,2016,1101,1101,registered cases (CR),"Total cyber crimes (IT Act + IPC + SLL, NCRB definition)","NCRB 'Crime in India' via MHA reply, Lok Sabha USQ 1738 (02.07.2019)",S08_LS_USQ1738_2019-07-02_AnnexI_2014-2016.txt,Annexure-I (state/UT-wise cyber crime cases 2014-2016); exact printed title not captured,https://eparlib.nic.in/bitstream/123456789/951400/1/AU1738.pdf,
S08,S08,Kerala,13,state_ut,states,2014,450,450,registered cases (CR),"Total cyber crimes (IT Act + IPC + SLL, NCRB definition)","NCRB 'Crime in India' via MHA reply, Lok Sabha USQ 1738 (02.07.2019)",S08_LS_USQ1738_2019-07-02_AnnexI_2014-2016.txt,Annexure-I (state/UT-wise cyber crime cases 2014-2016); exact printed title not captured,https://eparlib.nic.in/bitstream/123456789/951400/1/AU1738.pdf,
S08,S08,Kerala,13,state_ut,states,2015,290,290,registered cases (CR),"Total cyber crimes (IT Act + IPC + SLL, NCRB definition)","NCRB 'Crime in India' via MHA reply, Lok Sabha USQ 1738 (02.07.2019)",S08_LS_USQ1738_2019-07-02_AnnexI_2014-2016.txt,Annexure-I (state/UT-wise cyber crime cases 2014-2016); exact printed title not captured,https://eparlib.nic.in/bitstream/123456789/951400/1/AU1738.pdf,
S08,S08,Kerala,13,state_ut,states,2016,283,283,registered cases (CR),"Total cyber crimes (IT Act + IPC + SLL, NCRB definition)","NCRB 'Crime in India' via MHA reply, Lok Sabha USQ 1738 (02.07.2019)",S08_LS_USQ1738_2019-07-02_AnnexI_2014-2016.txt,Annexure-I (state/UT-wise cyber crime cases 2014-2016); exact printed title not captured,https://eparlib.nic.in/bitstream/123456789/951400/1/AU1738.pdf,
S08,S08,Madhya Pradesh,14,state_ut,states,2014,289,289,registered cases (CR),"Total cyber crimes (IT Act + IPC + SLL, NCRB definition)","NCRB 'Crime in India' via MHA reply, Lok Sabha USQ 1738 (02.07.2019)",S08_LS_USQ1738_2019-07-02_AnnexI_2014-2016.txt,Annexure-I (state/UT-wise cyber crime cases 2014-2016); exact printed title not captured,https://eparlib.nic.in/bitstream/123456789/951400/1/AU1738.pdf,
S08,S08,Madhya Pradesh,14,state_ut,states,2015,231,231,registered cases (CR),"Total cyber crimes (IT Act + IPC + SLL, NCRB definition)","NCRB 'Crime in India' via MHA reply, Lok Sabha USQ 1738 (02.07.2019)",S08_LS_USQ1738_2019-07-02_AnnexI_2014-2016.txt,Annexure-I (state/UT-wise cyber crime cases 2014-2016); exact printed title not captured,https://eparlib.nic.in/bitstream/123456789/951400/1/AU1738.pdf,
S08,S08,Madhya Pradesh,14,state_ut,states,2016,258,258,registered cases (CR),"Total cyber crimes (IT Act + IPC + SLL, NCRB definition)","NCRB 'Crime in India' via MHA reply, Lok Sabha USQ 1738 (02.07.2019)",S08_LS_USQ1738_2019-07-02_AnnexI_2014-2016.txt,Annexure-I (state/UT-wise cyber crime cases 2014-2016); exact printed title not captured,https://eparlib.nic.in/bitstream/123456789/951400/1/AU1738.pdf,
S08,S08,Maharashtra,15,state_ut,states,2014,1879,1879,registered cases (CR),"Total cyber crimes (IT Act + IPC + SLL, NCRB definition)","NCRB 'Crime in India' via MHA reply, Lok Sabha USQ 1738 (02.07.2019)",S08_LS_USQ1738_2019-07-02_AnnexI_2014-2016.txt,Annexure-I (state/UT-wise cyber crime cases 2014-2016); exact printed title not captured,https://eparlib.nic.in/bitstream/123456789/951400/1/AU1738.pdf,
S08,S08,Maharashtra,15,state_ut,states,2015,2195,2195,registered cases (CR),"Total cyber crimes (IT Act + IPC + SLL, NCRB definition)","NCRB 'Crime in India' via MHA reply, Lok Sabha USQ 1738 (02.07.2019)",S08_LS_USQ1738_2019-07-02_AnnexI_2014-2016.txt,Annexure-I (state/UT-wise cyber crime cases 2014-2016); exact printed title not captured,https://eparlib.nic.in/bitstream/123456789/951400/1/AU1738.pdf,
S08,S08,Maharashtra,15,state_ut,states,2016,2380,2380,registered cases (CR),"Total cyber crimes (IT Act + IPC + SLL, NCRB definition)","NCRB 'Crime in India' via MHA reply, Lok Sabha USQ 1738 (02.07.2019)",S08_LS_USQ1738_2019-07-02_AnnexI_2014-2016.txt,Annexure-I (state/UT-wise cyber crime cases 2014-2016); exact printed title not captured,https://eparlib.nic.in/bitstream/123456789/951400/1/AU1738.pdf,
S08,S08,Manipur,16,state_ut,states,2014,13,13,registered cases (CR),"Total cyber crimes (IT Act + IPC + SLL, NCRB definition)","NCRB 'Crime in India' via MHA reply, Lok Sabha USQ 1738 (02.07.2019)",S08_LS_USQ1738_2019-07-02_AnnexI_2014-2016.txt,Annexure-I (state/UT-wise cyber crime cases 2014-2016); exact printed title not captured,https://eparlib.nic.in/bitstream/123456789/951400/1/AU1738.pdf,
S08,S08,Manipur,16,state_ut,states,2015,6,6,registered cases (CR),"Total cyber crimes (IT Act + IPC + SLL, NCRB definition)","NCRB 'Crime in India' via MHA reply, Lok Sabha USQ 1738 (02.07.2019)",S08_LS_USQ1738_2019-07-02_AnnexI_2014-2016.txt,Annexure-I (state/UT-wise cyber crime cases 2014-2016); exact printed title not captured,https://eparlib.nic.in/bitstream/123456789/951400/1/AU1738.pdf,
S08,S08,Manipur,16,state_ut,states,2016,11,11,registered cases (CR),"Total cyber crimes (IT Act + IPC + SLL, NCRB definition)","NCRB 'Crime in India' via MHA reply, Lok Sabha USQ 1738 (02.07.2019)",S08_LS_USQ1738_2019-07-02_AnnexI_2014-2016.txt,Annexure-I (state/UT-wise cyber crime cases 2014-2016); exact printed title not captured,https://eparlib.nic.in/bitstream/123456789/951400/1/AU1738.pdf,
S08,S08,Meghalaya,17,state_ut,states,2014,60,60,registered cases (CR),"Total cyber crimes (IT Act + IPC + SLL, NCRB definition)","NCRB 'Crime in India' via MHA reply, Lok Sabha USQ 1738 (02.07.2019)",S08_LS_USQ1738_2019-07-02_AnnexI_2014-2016.txt,Annexure-I (state/UT-wise cyber crime cases 2014-2016); exact printed title not captured,https://eparlib.nic.in/bitstream/123456789/951400/1/AU1738.pdf,
S08,S08,Meghalaya,17,state_ut,states,2015,56,56,registered cases (CR),"Total cyber crimes (IT Act + IPC + SLL, NCRB definition)","NCRB 'Crime in India' via MHA reply, Lok Sabha USQ 1738 (02.07.2019)",S08_LS_USQ1738_2019-07-02_AnnexI_2014-2016.txt,Annexure-I (state/UT-wise cyber crime cases 2014-2016); exact printed title not captured,https://eparlib.nic.in/bitstream/123456789/951400/1/AU1738.pdf,
S08,S08,Meghalaya,17,state_ut,states,2016,39,39,registered cases (CR),"Total cyber crimes (IT Act + IPC + SLL, NCRB definition)","NCRB 'Crime in India' via MHA reply, Lok Sabha USQ 1738 (02.07.2019)",S08_LS_USQ1738_2019-07-02_AnnexI_2014-2016.txt,Annexure-I (state/UT-wise cyber crime cases 2014-2016); exact printed title not captured,https://eparlib.nic.in/bitstream/123456789/951400/1/AU1738.pdf,
S08,S08,Mizoram,18,state_ut,states,2014,22,22,registered cases (CR),"Total cyber crimes (IT Act + IPC + SLL, NCRB definition)","NCRB 'Crime in India' via MHA reply, Lok Sabha USQ 1738 (02.07.2019)",S08_LS_USQ1738_2019-07-02_AnnexI_2014-2016.txt,Annexure-I (state/UT-wise cyber crime cases 2014-2016); exact printed title not captured,https://eparlib.nic.in/bitstream/123456789/951400/1/AU1738.pdf,
S08,S08,Mizoram,18,state_ut,states,2015,8,8,registered cases (CR),"Total cyber crimes (IT Act + IPC + SLL, NCRB definition)","NCRB 'Crime in India' via MHA reply, Lok Sabha USQ 1738 (02.07.2019)",S08_LS_USQ1738_2019-07-02_AnnexI_2014-2016.txt,Annexure-I (state/UT-wise cyber crime cases 2014-2016); exact printed title not captured,https://eparlib.nic.in/bitstream/123456789/951400/1/AU1738.pdf,
S08,S08,Mizoram,18,state_ut,states,2016,1,1,registered cases (CR),"Total cyber crimes (IT Act + IPC + SLL, NCRB definition)","NCRB 'Crime in India' via MHA reply, Lok Sabha USQ 1738 (02.07.2019)",S08_LS_USQ1738_2019-07-02_AnnexI_2014-2016.txt,Annexure-I (state/UT-wise cyber crime cases 2014-2016); exact printed title not captured,https://eparlib.nic.in/bitstream/123456789/951400/1/AU1738.pdf,
S08,S08,Nagaland,19,state_ut,states,2014,0,0,registered cases (CR),"Total cyber crimes (IT Act + IPC + SLL, NCRB definition)","NCRB 'Crime in India' via MHA reply, Lok Sabha USQ 1738 (02.07.2019)",S08_LS_USQ1738_2019-07-02_AnnexI_2014-2016.txt,Annexure-I (state/UT-wise cyber crime cases 2014-2016); exact printed title not captured,https://eparlib.nic.in/bitstream/123456789/951400/1/AU1738.pdf,
S08,S08,Nagaland,19,state_ut,states,2015,0,0,registered cases (CR),"Total cyber crimes (IT Act + IPC + SLL, NCRB definition)","NCRB 'Crime in India' via MHA reply, Lok Sabha USQ 1738 (02.07.2019)",S08_LS_USQ1738_2019-07-02_AnnexI_2014-2016.txt,Annexure-I (state/UT-wise cyber crime cases 2014-2016); exact printed title not captured,https://eparlib.nic.in/bitstream/123456789/951400/1/AU1738.pdf,
S08,S08,Nagaland,19,state_ut,states,2016,2,2,registered cases (CR),"Total cyber crimes (IT Act + IPC + SLL, NCRB definition)","NCRB 'Crime in India' via MHA reply, Lok Sabha USQ 1738 (02.07.2019)",S08_LS_USQ1738_2019-07-02_AnnexI_2014-2016.txt,Annexure-I (state/UT-wise cyber crime cases 2014-2016); exact printed title not captured,https://eparlib.nic.in/bitstream/123456789/951400/1/AU1738.pdf,
S08,S08,Odisha,20,state_ut,states,2014,124,124,registered cases (CR),"Total cyber crimes (IT Act + IPC + SLL, NCRB definition)","NCRB 'Crime in India' via MHA reply, Lok Sabha USQ 1738 (02.07.2019)",S08_LS_USQ1738_2019-07-02_AnnexI_2014-2016.txt,Annexure-I (state/UT-wise cyber crime cases 2014-2016); exact printed title not captured,https://eparlib.nic.in/bitstream/123456789/951400/1/AU1738.pdf,
S08,S08,Odisha,20,state_ut,states,2015,386,386,registered cases (CR),"Total cyber crimes (IT Act + IPC + SLL, NCRB definition)","NCRB 'Crime in India' via MHA reply, Lok Sabha USQ 1738 (02.07.2019)",S08_LS_USQ1738_2019-07-02_AnnexI_2014-2016.txt,Annexure-I (state/UT-wise cyber crime cases 2014-2016); exact printed title not captured,https://eparlib.nic.in/bitstream/123456789/951400/1/AU1738.pdf,
S08,S08,Odisha,20,state_ut,states,2016,317,317,registered cases (CR),"Total cyber crimes (IT Act + IPC + SLL, NCRB definition)","NCRB 'Crime in India' via MHA reply, Lok Sabha USQ 1738 (02.07.2019)",S08_LS_USQ1738_2019-07-02_AnnexI_2014-2016.txt,Annexure-I (state/UT-wise cyber crime cases 2014-2016); exact printed title not captured,https://eparlib.nic.in/bitstream/123456789/951400/1/AU1738.pdf,
S08,S08,Punjab,21,state_ut,states,2014,226,226,registered cases (CR),"Total cyber crimes (IT Act + IPC + SLL, NCRB definition)","NCRB 'Crime in India' via MHA reply, Lok Sabha USQ 1738 (02.07.2019)",S08_LS_USQ1738_2019-07-02_AnnexI_2014-2016.txt,Annexure-I (state/UT-wise cyber crime cases 2014-2016); exact printed title not captured,https://eparlib.nic.in/bitstream/123456789/951400/1/AU1738.pdf,
S08,S08,Punjab,21,state_ut,states,2015,149,149,registered cases (CR),"Total cyber crimes (IT Act + IPC + SLL, NCRB definition)","NCRB 'Crime in India' via MHA reply, Lok Sabha USQ 1738 (02.07.2019)",S08_LS_USQ1738_2019-07-02_AnnexI_2014-2016.txt,Annexure-I (state/UT-wise cyber crime cases 2014-2016); exact printed title not captured,https://eparlib.nic.in/bitstream/123456789/951400/1/AU1738.pdf,
S08,S08,Punjab,21,state_ut,states,2016,102,102,registered cases (CR),"Total cyber crimes (IT Act + IPC + SLL, NCRB definition)","NCRB 'Crime in India' via MHA reply, Lok Sabha USQ 1738 (02.07.2019)",S08_LS_USQ1738_2019-07-02_AnnexI_2014-2016.txt,Annexure-I (state/UT-wise cyber crime cases 2014-2016); exact printed title not captured,https://eparlib.nic.in/bitstream/123456789/951400/1/AU1738.pdf,
S08,S08,Rajasthan,22,state_ut,states,2014,697,697,registered cases (CR),"Total cyber crimes (IT Act + IPC + SLL, NCRB definition)","NCRB 'Crime in India' via MHA reply, Lok Sabha USQ 1738 (02.07.2019)",S08_LS_USQ1738_2019-07-02_AnnexI_2014-2016.txt,Annexure-I (state/UT-wise cyber crime cases 2014-2016); exact printed title not captured,https://eparlib.nic.in/bitstream/123456789/951400/1/AU1738.pdf,
S08,S08,Rajasthan,22,state_ut,states,2015,949,949,registered cases (CR),"Total cyber crimes (IT Act + IPC + SLL, NCRB definition)","NCRB 'Crime in India' via MHA reply, Lok Sabha USQ 1738 (02.07.2019)",S08_LS_USQ1738_2019-07-02_AnnexI_2014-2016.txt,Annexure-I (state/UT-wise cyber crime cases 2014-2016); exact printed title not captured,https://eparlib.nic.in/bitstream/123456789/951400/1/AU1738.pdf,
S08,S08,Rajasthan,22,state_ut,states,2016,941,941,registered cases (CR),"Total cyber crimes (IT Act + IPC + SLL, NCRB definition)","NCRB 'Crime in India' via MHA reply, Lok Sabha USQ 1738 (02.07.2019)",S08_LS_USQ1738_2019-07-02_AnnexI_2014-2016.txt,Annexure-I (state/UT-wise cyber crime cases 2014-2016); exact printed title not captured,https://eparlib.nic.in/bitstream/123456789/951400/1/AU1738.pdf,
S08,S08,Sikkim,23,state_ut,states,2014,4,4,registered cases (CR),"Total cyber crimes (IT Act + IPC + SLL, NCRB definition)","NCRB 'Crime in India' via MHA reply, Lok Sabha USQ 1738 (02.07.2019)",S08_LS_USQ1738_2019-07-02_AnnexI_2014-2016.txt,Annexure-I (state/UT-wise cyber crime cases 2014-2016); exact printed title not captured,https://eparlib.nic.in/bitstream/123456789/951400/1/AU1738.pdf,
S08,S08,Sikkim,23,state_ut,states,2015,1,1,registered cases (CR),"Total cyber crimes (IT Act + IPC + SLL, NCRB definition)","NCRB 'Crime in India' via MHA reply, Lok Sabha USQ 1738 (02.07.2019)",S08_LS_USQ1738_2019-07-02_AnnexI_2014-2016.txt,Annexure-I (state/UT-wise cyber crime cases 2014-2016); exact printed title not captured,https://eparlib.nic.in/bitstream/123456789/951400/1/AU1738.pdf,
S08,S08,Sikkim,23,state_ut,states,2016,1,1,registered cases (CR),"Total cyber crimes (IT Act + IPC + SLL, NCRB definition)","NCRB 'Crime in India' via MHA reply, Lok Sabha USQ 1738 (02.07.2019)",S08_LS_USQ1738_2019-07-02_AnnexI_2014-2016.txt,Annexure-I (state/UT-wise cyber crime cases 2014-2016); exact printed title not captured,https://eparlib.nic.in/bitstream/123456789/951400/1/AU1738.pdf,
S08,S08,Tamil Nadu,24,state_ut,states,2014,172,172,registered cases (CR),"Total cyber crimes (IT Act + IPC + SLL, NCRB definition)","NCRB 'Crime in India' via MHA reply, Lok Sabha USQ 1738 (02.07.2019)",S08_LS_USQ1738_2019-07-02_AnnexI_2014-2016.txt,Annexure-I (state/UT-wise cyber crime cases 2014-2016); exact printed title not captured,https://eparlib.nic.in/bitstream/123456789/951400/1/AU1738.pdf,
S08,S08,Tamil Nadu,24,state_ut,states,2015,142,142,registered cases (CR),"Total cyber crimes (IT Act + IPC + SLL, NCRB definition)","NCRB 'Crime in India' via MHA reply, Lok Sabha USQ 1738 (02.07.2019)",S08_LS_USQ1738_2019-07-02_AnnexI_2014-2016.txt,Annexure-I (state/UT-wise cyber crime cases 2014-2016); exact printed title not captured,https://eparlib.nic.in/bitstream/123456789/951400/1/AU1738.pdf,
S08,S08,Tamil Nadu,24,state_ut,states,2016,144,144,registered cases (CR),"Total cyber crimes (IT Act + IPC + SLL, NCRB definition)","NCRB 'Crime in India' via MHA reply, Lok Sabha USQ 1738 (02.07.2019)",S08_LS_USQ1738_2019-07-02_AnnexI_2014-2016.txt,Annexure-I (state/UT-wise cyber crime cases 2014-2016); exact printed title not captured,https://eparlib.nic.in/bitstream/123456789/951400/1/AU1738.pdf,
S08,S08,Telangana,25,state_ut,states,2014,703,703,registered cases (CR),"Total cyber crimes (IT Act + IPC + SLL, NCRB definition)","NCRB 'Crime in India' via MHA reply, Lok Sabha USQ 1738 (02.07.2019)",S08_LS_USQ1738_2019-07-02_AnnexI_2014-2016.txt,Annexure-I (state/UT-wise cyber crime cases 2014-2016); exact printed title not captured,https://eparlib.nic.in/bitstream/123456789/951400/1/AU1738.pdf,Telangana formed 02.06.2014; check Crime in India 2014 for split with Andhra Pradesh.
S08,S08,Telangana,25,state_ut,states,2015,687,687,registered cases (CR),"Total cyber crimes (IT Act + IPC + SLL, NCRB definition)","NCRB 'Crime in India' via MHA reply, Lok Sabha USQ 1738 (02.07.2019)",S08_LS_USQ1738_2019-07-02_AnnexI_2014-2016.txt,Annexure-I (state/UT-wise cyber crime cases 2014-2016); exact printed title not captured,https://eparlib.nic.in/bitstream/123456789/951400/1/AU1738.pdf,
S08,S08,Telangana,25,state_ut,states,2016,593,593,registered cases (CR),"Total cyber crimes (IT Act + IPC + SLL, NCRB definition)","NCRB 'Crime in India' via MHA reply, Lok Sabha USQ 1738 (02.07.2019)",S08_LS_USQ1738_2019-07-02_AnnexI_2014-2016.txt,Annexure-I (state/UT-wise cyber crime cases 2014-2016); exact printed title not captured,https://eparlib.nic.in/bitstream/123456789/951400/1/AU1738.pdf,
S08,S08,Tripura,26,state_ut,states,2014,5,5,registered cases (CR),"Total cyber crimes (IT Act + IPC + SLL, NCRB definition)","NCRB 'Crime in India' via MHA reply, Lok Sabha USQ 1738 (02.07.2019)",S08_LS_USQ1738_2019-07-02_AnnexI_2014-2016.txt,Annexure-I (state/UT-wise cyber crime cases 2014-2016); exact printed title not captured,https://eparlib.nic.in/bitstream/123456789/951400/1/AU1738.pdf,
S08,S08,Tripura,26,state_ut,states,2015,13,13,registered cases (CR),"Total cyber crimes (IT Act + IPC + SLL, NCRB definition)","NCRB 'Crime in India' via MHA reply, Lok Sabha USQ 1738 (02.07.2019)",S08_LS_USQ1738_2019-07-02_AnnexI_2014-2016.txt,Annexure-I (state/UT-wise cyber crime cases 2014-2016); exact printed title not captured,https://eparlib.nic.in/bitstream/123456789/951400/1/AU1738.pdf,
S08,S08,Tripura,26,state_ut,states,2016,8,8,registered cases (CR),"Total cyber crimes (IT Act + IPC + SLL, NCRB definition)","NCRB 'Crime in India' via MHA reply, Lok Sabha USQ 1738 (02.07.2019)",S08_LS_USQ1738_2019-07-02_AnnexI_2014-2016.txt,Annexure-I (state/UT-wise cyber crime cases 2014-2016); exact printed title not captured,https://eparlib.nic.in/bitstream/123456789/951400/1/AU1738.pdf,
S08,S08,Uttar Pradesh,27,state_ut,states,2014,1737,1737,registered cases (CR),"Total cyber crimes (IT Act + IPC + SLL, NCRB definition)","NCRB 'Crime in India' via MHA reply, Lok Sabha USQ 1738 (02.07.2019)",S08_LS_USQ1738_2019-07-02_AnnexI_2014-2016.txt,Annexure-I (state/UT-wise cyber crime cases 2014-2016); exact printed title not captured,https://eparlib.nic.in/bitstream/123456789/951400/1/AU1738.pdf,
S08,S08,Uttar Pradesh,27,state_ut,states,2015,2208,2208,registered cases (CR),"Total cyber crimes (IT Act + IPC + SLL, NCRB definition)","NCRB 'Crime in India' via MHA reply, Lok Sabha USQ 1738 (02.07.2019)",S08_LS_USQ1738_2019-07-02_AnnexI_2014-2016.txt,Annexure-I (state/UT-wise cyber crime cases 2014-2016); exact printed title not captured,https://eparlib.nic.in/bitstream/123456789/951400/1/AU1738.pdf,
S08,S08,Uttar Pradesh,27,state_ut,states,2016,2639,2639,registered cases (CR),"Total cyber crimes (IT Act + IPC + SLL, NCRB definition)","NCRB 'Crime in India' via MHA reply, Lok Sabha USQ 1738 (02.07.2019)",S08_LS_USQ1738_2019-07-02_AnnexI_2014-2016.txt,Annexure-I (state/UT-wise cyber crime cases 2014-2016); exact printed title not captured,https://eparlib.nic.in/bitstream/123456789/951400/1/AU1738.pdf,
S08,S08,Uttarakhand,28,state_ut,states,2014,42,42,registered cases (CR),"Total cyber crimes (IT Act + IPC + SLL, NCRB definition)","NCRB 'Crime in India' via MHA reply, Lok Sabha USQ 1738 (02.07.2019)",S08_LS_USQ1738_2019-07-02_AnnexI_2014-2016.txt,Annexure-I (state/UT-wise cyber crime cases 2014-2016); exact printed title not captured,https://eparlib.nic.in/bitstream/123456789/951400/1/AU1738.pdf,
S08,S08,Uttarakhand,28,state_ut,states,2015,48,48,registered cases (CR),"Total cyber crimes (IT Act + IPC + SLL, NCRB definition)","NCRB 'Crime in India' via MHA reply, Lok Sabha USQ 1738 (02.07.2019)",S08_LS_USQ1738_2019-07-02_AnnexI_2014-2016.txt,Annexure-I (state/UT-wise cyber crime cases 2014-2016); exact printed title not captured,https://eparlib.nic.in/bitstream/123456789/951400/1/AU1738.pdf,
S08,S08,Uttarakhand,28,state_ut,states,2016,62,62,registered cases (CR),"Total cyber crimes (IT Act + IPC + SLL, NCRB definition)","NCRB 'Crime in India' via MHA reply, Lok Sabha USQ 1738 (02.07.2019)",S08_LS_USQ1738_2019-07-02_AnnexI_2014-2016.txt,Annexure-I (state/UT-wise cyber crime cases 2014-2016); exact printed title not captured,https://eparlib.nic.in/bitstream/123456789/951400/1/AU1738.pdf,
S08,S08,West Bengal,29,state_ut,states,2014,355,355,registered cases (CR),"Total cyber crimes (IT Act + IPC + SLL, NCRB definition)","NCRB 'Crime in India' via MHA reply, Lok Sabha USQ 1738 (02.07.2019)",S08_LS_USQ1738_2019-07-02_AnnexI_2014-2016.txt,Annexure-I (state/UT-wise cyber crime cases 2014-2016); exact printed title not captured,https://eparlib.nic.in/bitstream/123456789/951400/1/AU1738.pdf,
S08,S08,West Bengal,29,state_ut,states,2015,398,398,registered cases (CR),"Total cyber crimes (IT Act + IPC + SLL, NCRB definition)","NCRB 'Crime in India' via MHA reply, Lok Sabha USQ 1738 (02.07.2019)",S08_LS_USQ1738_2019-07-02_AnnexI_2014-2016.txt,Annexure-I (state/UT-wise cyber crime cases 2014-2016); exact printed title not captured,https://eparlib.nic.in/bitstream/123456789/951400/1/AU1738.pdf,
S08,S08,West Bengal,29,state_ut,states,2016,478,478,registered cases (CR),"Total cyber crimes (IT Act + IPC + SLL, NCRB definition)","NCRB 'Crime in India' via MHA reply, Lok Sabha USQ 1738 (02.07.2019)",S08_LS_USQ1738_2019-07-02_AnnexI_2014-2016.txt,Annexure-I (state/UT-wise cyber crime cases 2014-2016); exact printed title not captured,https://eparlib.nic.in/bitstream/123456789/951400/1/AU1738.pdf,
S08,S08,TOTAL STATE(S),,total_states,states,2014,9322,9322,registered cases (CR),"Total cyber crimes (IT Act + IPC + SLL, NCRB definition)","NCRB 'Crime in India' via MHA reply, Lok Sabha USQ 1738 (02.07.2019)",S08_LS_USQ1738_2019-07-02_AnnexI_2014-2016.txt,Annexure-I (state/UT-wise cyber crime cases 2014-2016); exact printed title not captured,https://eparlib.nic.in/bitstream/123456789/951400/1/AU1738.pdf,
S08,S08,TOTAL STATE(S),,total_states,states,2015,11331,11331,registered cases (CR),"Total cyber crimes (IT Act + IPC + SLL, NCRB definition)","NCRB 'Crime in India' via MHA reply, Lok Sabha USQ 1738 (02.07.2019)",S08_LS_USQ1738_2019-07-02_AnnexI_2014-2016.txt,Annexure-I (state/UT-wise cyber crime cases 2014-2016); exact printed title not captured,https://eparlib.nic.in/bitstream/123456789/951400/1/AU1738.pdf,
S08,S08,TOTAL STATE(S),,total_states,states,2016,12187,12187,registered cases (CR),"Total cyber crimes (IT Act + IPC + SLL, NCRB definition)","NCRB 'Crime in India' via MHA reply, Lok Sabha USQ 1738 (02.07.2019)",S08_LS_USQ1738_2019-07-02_AnnexI_2014-2016.txt,Annexure-I (state/UT-wise cyber crime cases 2014-2016); exact printed title not captured,https://eparlib.nic.in/bitstream/123456789/951400/1/AU1738.pdf,
S08,S08,A & N Islands,30,state_ut,uts,2014,13,13,registered cases (CR),"Total cyber crimes (IT Act + IPC + SLL, NCRB definition)","NCRB 'Crime in India' via MHA reply, Lok Sabha USQ 1738 (02.07.2019)",S08_LS_USQ1738_2019-07-02_AnnexI_2014-2016.txt,Annexure-I (state/UT-wise cyber crime cases 2014-2016); exact printed title not captured,https://eparlib.nic.in/bitstream/123456789/951400/1/AU1738.pdf,
S08,S08,A & N Islands,30,state_ut,uts,2015,6,6,registered cases (CR),"Total cyber crimes (IT Act + IPC + SLL, NCRB definition)","NCRB 'Crime in India' via MHA reply, Lok Sabha USQ 1738 (02.07.2019)",S08_LS_USQ1738_2019-07-02_AnnexI_2014-2016.txt,Annexure-I (state/UT-wise cyber crime cases 2014-2016); exact printed title not captured,https://eparlib.nic.in/bitstream/123456789/951400/1/AU1738.pdf,
S08,S08,A & N Islands,30,state_ut,uts,2016,3,3,registered cases (CR),"Total cyber crimes (IT Act + IPC + SLL, NCRB definition)","NCRB 'Crime in India' via MHA reply, Lok Sabha USQ 1738 (02.07.2019)",S08_LS_USQ1738_2019-07-02_AnnexI_2014-2016.txt,Annexure-I (state/UT-wise cyber crime cases 2014-2016); exact printed title not captured,https://eparlib.nic.in/bitstream/123456789/951400/1/AU1738.pdf,
S08,S08,Chandigarh,31,state_ut,uts,2014,55,55,registered cases (CR),"Total cyber crimes (IT Act + IPC + SLL, NCRB definition)","NCRB 'Crime in India' via MHA reply, Lok Sabha USQ 1738 (02.07.2019)",S08_LS_USQ1738_2019-07-02_AnnexI_2014-2016.txt,Annexure-I (state/UT-wise cyber crime cases 2014-2016); exact printed title not captured,https://eparlib.nic.in/bitstream/123456789/951400/1/AU1738.pdf,
S08,S08,Chandigarh,31,state_ut,uts,2015,77,77,registered cases (CR),"Total cyber crimes (IT Act + IPC + SLL, NCRB definition)","NCRB 'Crime in India' via MHA reply, Lok Sabha USQ 1738 (02.07.2019)",S08_LS_USQ1738_2019-07-02_AnnexI_2014-2016.txt,Annexure-I (state/UT-wise cyber crime cases 2014-2016); exact printed title not captured,https://eparlib.nic.in/bitstream/123456789/951400/1/AU1738.pdf,
S08,S08,Chandigarh,31,state_ut,uts,2016,26,26,registered cases (CR),"Total cyber crimes (IT Act + IPC + SLL, NCRB definition)","NCRB 'Crime in India' via MHA reply, Lok Sabha USQ 1738 (02.07.2019)",S08_LS_USQ1738_2019-07-02_AnnexI_2014-2016.txt,Annexure-I (state/UT-wise cyber crime cases 2014-2016); exact printed title not captured,https://eparlib.nic.in/bitstream/123456789/951400/1/AU1738.pdf,
S08,S08,D&N Haveli,32,state_ut,uts,2014,3,3,registered cases (CR),"Total cyber crimes (IT Act + IPC + SLL, NCRB definition)","NCRB 'Crime in India' via MHA reply, Lok Sabha USQ 1738 (02.07.2019)",S08_LS_USQ1738_2019-07-02_AnnexI_2014-2016.txt,Annexure-I (state/UT-wise cyber crime cases 2014-2016); exact printed title not captured,https://eparlib.nic.in/bitstream/123456789/951400/1/AU1738.pdf,
S08,S08,D&N Haveli,32,state_ut,uts,2015,0,0,registered cases (CR),"Total cyber crimes (IT Act + IPC + SLL, NCRB definition)","NCRB 'Crime in India' via MHA reply, Lok Sabha USQ 1738 (02.07.2019)",S08_LS_USQ1738_2019-07-02_AnnexI_2014-2016.txt,Annexure-I (state/UT-wise cyber crime cases 2014-2016); exact printed title not captured,https://eparlib.nic.in/bitstream/123456789/951400/1/AU1738.pdf,
S08,S08,D&N Haveli,32,state_ut,uts,2016,1,1,registered cases (CR),"Total cyber crimes (IT Act + IPC + SLL, NCRB definition)","NCRB 'Crime in India' via MHA reply, Lok Sabha USQ 1738 (02.07.2019)",S08_LS_USQ1738_2019-07-02_AnnexI_2014-2016.txt,Annexure-I (state/UT-wise cyber crime cases 2014-2016); exact printed title not captured,https://eparlib.nic.in/bitstream/123456789/951400/1/AU1738.pdf,
S08,S08,Daman & Diu,33,state_ut,uts,2014,1,1,registered cases (CR),"Total cyber crimes (IT Act + IPC + SLL, NCRB definition)","NCRB 'Crime in India' via MHA reply, Lok Sabha USQ 1738 (02.07.2019)",S08_LS_USQ1738_2019-07-02_AnnexI_2014-2016.txt,Annexure-I (state/UT-wise cyber crime cases 2014-2016); exact printed title not captured,https://eparlib.nic.in/bitstream/123456789/951400/1/AU1738.pdf,
S08,S08,Daman & Diu,33,state_ut,uts,2015,1,1,registered cases (CR),"Total cyber crimes (IT Act + IPC + SLL, NCRB definition)","NCRB 'Crime in India' via MHA reply, Lok Sabha USQ 1738 (02.07.2019)",S08_LS_USQ1738_2019-07-02_AnnexI_2014-2016.txt,Annexure-I (state/UT-wise cyber crime cases 2014-2016); exact printed title not captured,https://eparlib.nic.in/bitstream/123456789/951400/1/AU1738.pdf,
S08,S08,Daman & Diu,33,state_ut,uts,2016,0,0,registered cases (CR),"Total cyber crimes (IT Act + IPC + SLL, NCRB definition)","NCRB 'Crime in India' via MHA reply, Lok Sabha USQ 1738 (02.07.2019)",S08_LS_USQ1738_2019-07-02_AnnexI_2014-2016.txt,Annexure-I (state/UT-wise cyber crime cases 2014-2016); exact printed title not captured,https://eparlib.nic.in/bitstream/123456789/951400/1/AU1738.pdf,
S08,S08,Delhi UT,34,state_ut,uts,2014,226,226,registered cases (CR),"Total cyber crimes (IT Act + IPC + SLL, NCRB definition)","NCRB 'Crime in India' via MHA reply, Lok Sabha USQ 1738 (02.07.2019)",S08_LS_USQ1738_2019-07-02_AnnexI_2014-2016.txt,Annexure-I (state/UT-wise cyber crime cases 2014-2016); exact printed title not captured,https://eparlib.nic.in/bitstream/123456789/951400/1/AU1738.pdf,
S08,S08,Delhi UT,34,state_ut,uts,2015,177,177,registered cases (CR),"Total cyber crimes (IT Act + IPC + SLL, NCRB definition)","NCRB 'Crime in India' via MHA reply, Lok Sabha USQ 1738 (02.07.2019)",S08_LS_USQ1738_2019-07-02_AnnexI_2014-2016.txt,Annexure-I (state/UT-wise cyber crime cases 2014-2016); exact printed title not captured,https://eparlib.nic.in/bitstream/123456789/951400/1/AU1738.pdf,
S08,S08,Delhi UT,34,state_ut,uts,2016,98,98,registered cases (CR),"Total cyber crimes (IT Act + IPC + SLL, NCRB definition)","NCRB 'Crime in India' via MHA reply, Lok Sabha USQ 1738 (02.07.2019)",S08_LS_USQ1738_2019-07-02_AnnexI_2014-2016.txt,Annexure-I (state/UT-wise cyber crime cases 2014-2016); exact printed title not captured,https://eparlib.nic.in/bitstream/123456789/951400/1/AU1738.pdf,
S08,S08,Lakshadweep,35,state_ut,uts,2014,1,1,registered cases (CR),"Total cyber crimes (IT Act + IPC + SLL, NCRB definition)","NCRB 'Crime in India' via MHA reply, Lok Sabha USQ 1738 (02.07.2019)",S08_LS_USQ1738_2019-07-02_AnnexI_2014-2016.txt,Annexure-I (state/UT-wise cyber crime cases 2014-2016); exact printed title not captured,https://eparlib.nic.in/bitstream/123456789/951400/1/AU1738.pdf,
S08,S08,Lakshadweep,35,state_ut,uts,2015,0,0,registered cases (CR),"Total cyber crimes (IT Act + IPC + SLL, NCRB definition)","NCRB 'Crime in India' via MHA reply, Lok Sabha USQ 1738 (02.07.2019)",S08_LS_USQ1738_2019-07-02_AnnexI_2014-2016.txt,Annexure-I (state/UT-wise cyber crime cases 2014-2016); exact printed title not captured,https://eparlib.nic.in/bitstream/123456789/951400/1/AU1738.pdf,
S08,S08,Lakshadweep,35,state_ut,uts,2016,0,0,registered cases (CR),"Total cyber crimes (IT Act + IPC + SLL, NCRB definition)","NCRB 'Crime in India' via MHA reply, Lok Sabha USQ 1738 (02.07.2019)",S08_LS_USQ1738_2019-07-02_AnnexI_2014-2016.txt,Annexure-I (state/UT-wise cyber crime cases 2014-2016); exact printed title not captured,https://eparlib.nic.in/bitstream/123456789/951400/1/AU1738.pdf,
S08,S08,Puducherry,36,state_ut,uts,2014,1,1,registered cases (CR),"Total cyber crimes (IT Act + IPC + SLL, NCRB definition)","NCRB 'Crime in India' via MHA reply, Lok Sabha USQ 1738 (02.07.2019)",S08_LS_USQ1738_2019-07-02_AnnexI_2014-2016.txt,Annexure-I (state/UT-wise cyber crime cases 2014-2016); exact printed title not captured,https://eparlib.nic.in/bitstream/123456789/951400/1/AU1738.pdf,
S08,S08,Puducherry,36,state_ut,uts,2015,0,0,registered cases (CR),"Total cyber crimes (IT Act + IPC + SLL, NCRB definition)","NCRB 'Crime in India' via MHA reply, Lok Sabha USQ 1738 (02.07.2019)",S08_LS_USQ1738_2019-07-02_AnnexI_2014-2016.txt,Annexure-I (state/UT-wise cyber crime cases 2014-2016); exact printed title not captured,https://eparlib.nic.in/bitstream/123456789/951400/1/AU1738.pdf,
S08,S08,Puducherry,36,state_ut,uts,2016,2,2,registered cases (CR),"Total cyber crimes (IT Act + IPC + SLL, NCRB definition)","NCRB 'Crime in India' via MHA reply, Lok Sabha USQ 1738 (02.07.2019)",S08_LS_USQ1738_2019-07-02_AnnexI_2014-2016.txt,Annexure-I (state/UT-wise cyber crime cases 2014-2016); exact printed title not captured,https://eparlib.nic.in/bitstream/123456789/951400/1/AU1738.pdf,
S08,S08,TOTAL UT(S),,total_uts,uts,2014,300,300,registered cases (CR),"Total cyber crimes (IT Act + IPC + SLL, NCRB definition)","NCRB 'Crime in India' via MHA reply, Lok Sabha USQ 1738 (02.07.2019)",S08_LS_USQ1738_2019-07-02_AnnexI_2014-2016.txt,Annexure-I (state/UT-wise cyber crime cases 2014-2016); exact printed title not captured,https://eparlib.nic.in/bitstream/123456789/951400/1/AU1738.pdf,
S08,S08,TOTAL UT(S),,total_uts,uts,2015,261,261,registered cases (CR),"Total cyber crimes (IT Act + IPC + SLL, NCRB definition)","NCRB 'Crime in India' via MHA reply, Lok Sabha USQ 1738 (02.07.2019)",S08_LS_USQ1738_2019-07-02_AnnexI_2014-2016.txt,Annexure-I (state/UT-wise cyber crime cases 2014-2016); exact printed title not captured,https://eparlib.nic.in/bitstream/123456789/951400/1/AU1738.pdf,
S08,S08,TOTAL UT(S),,total_uts,uts,2016,130,130,registered cases (CR),"Total cyber crimes (IT Act + IPC + SLL, NCRB definition)","NCRB 'Crime in India' via MHA reply, Lok Sabha USQ 1738 (02.07.2019)",S08_LS_USQ1738_2019-07-02_AnnexI_2014-2016.txt,Annexure-I (state/UT-wise cyber crime cases 2014-2016); exact printed title not captured,https://eparlib.nic.in/bitstream/123456789/951400/1/AU1738.pdf,
S08,S08,TOTAL (ALL INDIA),,total_all_india,all_india,2014,9622,9622,registered cases (CR),"Total cyber crimes (IT Act + IPC + SLL, NCRB definition)","NCRB 'Crime in India' via MHA reply, Lok Sabha USQ 1738 (02.07.2019)",S08_LS_USQ1738_2019-07-02_AnnexI_2014-2016.txt,Annexure-I (state/UT-wise cyber crime cases 2014-2016); exact printed title not captured,https://eparlib.nic.in/bitstream/123456789/951400/1/AU1738.pdf,
S08,S08,TOTAL (ALL INDIA),,total_all_india,all_india,2015,11592,11592,registered cases (CR),"Total cyber crimes (IT Act + IPC + SLL, NCRB definition)","NCRB 'Crime in India' via MHA reply, Lok Sabha USQ 1738 (02.07.2019)",S08_LS_USQ1738_2019-07-02_AnnexI_2014-2016.txt,Annexure-I (state/UT-wise cyber crime cases 2014-2016); exact printed title not captured,https://eparlib.nic.in/bitstream/123456789/951400/1/AU1738.pdf,
S08,S08,TOTAL (ALL INDIA),,total_all_india,all_india,2016,12317,12317,registered cases (CR),"Total cyber crimes (IT Act + IPC + SLL, NCRB definition)","NCRB 'Crime in India' via MHA reply, Lok Sabha USQ 1738 (02.07.2019)",S08_LS_USQ1738_2019-07-02_AnnexI_2014-2016.txt,Annexure-I (state/UT-wise cyber crime cases 2014-2016); exact printed title not captured,https://eparlib.nic.in/bitstream/123456789/951400/1/AU1738.pdf,
